--	指導者特性：ユニットを倒すとゴールド・科学・文化・信仰獲得
INSERT OR REPLACE INTO Modifiers
        (ModifierId, ModifierType)
    VALUES
        ('TOMATO_POST_COMBAT_YIELD_GOLD', 'MODIFIER_PLAYER_UNITS_ADJUST_POST_COMBAT_YIELD'),
        ('TOMATO_POST_COMBAT_YIELD_SCIENCE', 'MODIFIER_PLAYER_UNITS_ADJUST_POST_COMBAT_YIELD'),
        ('TOMATO_POST_COMBAT_YIELD_CULTURE', 'MODIFIER_PLAYER_UNITS_ADJUST_POST_COMBAT_YIELD'),
        ('TOMATO_POST_COMBAT_YIELD_FAITH', 'MODIFIER_PLAYER_UNITS_ADJUST_POST_COMBAT_YIELD');

INSERT OR REPLACE INTO ModifierArguments
        (ModifierId, Name, Value)
    VALUES
        ('TOMATO_POST_COMBAT_YIELD_GOLD', 'YieldType', 'YIELD_GOLD'),
        ('TOMATO_POST_COMBAT_YIELD_GOLD', 'PercentDefeatedStrength', 300),
        ('TOMATO_POST_COMBAT_YIELD_SCIENCE', 'YieldType', 'YIELD_SCIENCE'),
        ('TOMATO_POST_COMBAT_YIELD_SCIENCE', 'PercentDefeatedStrength', 300),
        ('TOMATO_POST_COMBAT_YIELD_CULTURE', 'YieldType', 'YIELD_CULTURE'),
        ('TOMATO_POST_COMBAT_YIELD_CULTURE', 'PercentDefeatedStrength', 300),
        ('TOMATO_POST_COMBAT_YIELD_FAITH', 'YieldType', 'YIELD_FAITH'),
        ('TOMATO_POST_COMBAT_YIELD_FAITH', 'PercentDefeatedStrength', 300);

INSERT OR REPLACE INTO TraitModifiers
        (TraitType, ModifierId)
    VALUES
        ('TRAIT_LEADER_SISTER_KOTONOHA', 'TOMATO_POST_COMBAT_YIELD_GOLD'),
        ('TRAIT_LEADER_SISTER_KOTONOHA', 'TOMATO_POST_COMBAT_YIELD_SCIENCE'),
        ('TRAIT_LEADER_SISTER_KOTONOHA', 'TOMATO_POST_COMBAT_YIELD_CULTURE'),
        ('TRAIT_LEADER_SISTER_KOTONOHA', 'TOMATO_POST_COMBAT_YIELD_FAITH');
