-- 特徴からの産出を補正

--	文明特性：森林の産出補正
INSERT OR REPLACE INTO Requirements
		(RequirementId, RequirementType)
	VALUES
		('REQUIRES_TOMATO_PLOT_HAS_FOREST', 'REQUIREMENT_PLOT_FEATURE_TYPE_MATCHES');

INSERT OR REPLACE INTO RequirementArguments
		(RequirementId, Name, Value)
	VALUES
		('REQUIRES_TOMATO_PLOT_HAS_FOREST', 'FeatureType', 'FEATURE_FOREST');

INSERT OR REPLACE INTO RequirementSets
		(RequirementSetId, RequirementSetType)
	VALUES
		('REQUIREMENT_SET_TOMATO_FOREST', 'REQUIREMENTSET_TEST_ALL');

INSERT OR REPLACE INTO RequirementSetRequirements
		(RequirementSetId, RequirementId)
	VALUES
		('REQUIREMENT_SET_TOMATO_FOREST', 'REQUIRES_TOMATO_PLOT_HAS_FOREST');

INSERT OR REPLACE INTO Modifiers
		(ModifierId, ModifierType, SubjectRequirementSetId)
	VALUES
		('TOMATO_FOREST_FOOD', 'MODIFIER_PLAYER_ADJUST_PLOT_YIELD', 'REQUIREMENT_SET_TOMATO_FOREST'),
		('TOMATO_FOREST_PRODUCTION', 'MODIFIER_PLAYER_ADJUST_PLOT_YIELD', 'REQUIREMENT_SET_TOMATO_FOREST'),
		('TOMATO_FOREST_SCIENCE', 'MODIFIER_PLAYER_ADJUST_PLOT_YIELD', 'REQUIREMENT_SET_TOMATO_FOREST'),
		('TOMATO_FOREST_CULTURE', 'MODIFIER_PLAYER_ADJUST_PLOT_YIELD', 'REQUIREMENT_SET_TOMATO_FOREST'),
		('TOMATO_FOREST_FAITH', 'MODIFIER_PLAYER_ADJUST_PLOT_YIELD', 'REQUIREMENT_SET_TOMATO_FOREST');

INSERT OR REPLACE INTO ModifierArguments
		(ModifierId, Name, Value)
	VALUES
		('TOMATO_FOREST_FOOD', 'YieldType', 'YIELD_FOOD'),
		('TOMATO_FOREST_FOOD', 'Amount', 1),
		('TOMATO_FOREST_PRODUCTION', 'YieldType', 'YIELD_PRODUCTION'),
		('TOMATO_FOREST_PRODUCTION', 'Amount', 1),
		('TOMATO_FOREST_SCIENCE', 'YieldType', 'YIELD_SCIENCE'),
		('TOMATO_FOREST_SCIENCE', 'Amount', 1),
		('TOMATO_FOREST_CULTURE', 'YieldType', 'YIELD_CULTURE'),
		('TOMATO_FOREST_CULTURE', 'Amount', 1),
		('TOMATO_FOREST_FAITH', 'YieldType', 'YIELD_FAITH'),
		('TOMATO_FOREST_FAITH', 'Amount', 1);

INSERT OR REPLACE INTO TraitModifiers
		(TraitType, ModifierId)
	VALUES
		('TRAIT_LEADER_SISTER_KOTONOHA', 'TOMATO_FOREST_FOOD'),
		('TRAIT_LEADER_SISTER_KOTONOHA', 'TOMATO_FOREST_PRODUCTION'),
		('TRAIT_LEADER_SISTER_KOTONOHA', 'TOMATO_FOREST_SCIENCE'),
		('TRAIT_LEADER_SISTER_KOTONOHA', 'TOMATO_FOREST_CULTURE'),
		('TRAIT_LEADER_SISTER_KOTONOHA', 'TOMATO_FOREST_FAITH');

--	文明特性：熱帯雨林の産出補正
INSERT OR REPLACE INTO Requirements
		(RequirementId, RequirementType)
	VALUES
		('REQUIRES_TOMATO_PLOT_HAS_JUNGLE', 'REQUIREMENT_PLOT_FEATURE_TYPE_MATCHES');

INSERT OR REPLACE INTO RequirementArguments
		(RequirementId, Name, Value)
	VALUES
		('REQUIRES_TOMATO_PLOT_HAS_JUNGLE', 'FeatureType', 'FEATURE_JUNGLE');

INSERT OR REPLACE INTO RequirementSets
		(RequirementSetId, RequirementSetType)
	VALUES
		('REQUIREMENT_SET_TOMATO_JUNGLE', 'REQUIREMENTSET_TEST_ALL');

INSERT OR REPLACE INTO RequirementSetRequirements
		(RequirementSetId, RequirementId)
	VALUES
		('REQUIREMENT_SET_TOMATO_JUNGLE', 'REQUIRES_TOMATO_PLOT_HAS_JUNGLE');

INSERT OR REPLACE INTO Modifiers
		(ModifierId, ModifierType, SubjectRequirementSetId)
	VALUES
		('TOMATO_JUNGLE_FOOD', 'MODIFIER_PLAYER_ADJUST_PLOT_YIELD', 'REQUIREMENT_SET_TOMATO_JUNGLE'),
		('TOMATO_JUNGLE_PRODUCTION', 'MODIFIER_PLAYER_ADJUST_PLOT_YIELD', 'REQUIREMENT_SET_TOMATO_JUNGLE'),
		('TOMATO_JUNGLE_SCIENCE', 'MODIFIER_PLAYER_ADJUST_PLOT_YIELD', 'REQUIREMENT_SET_TOMATO_JUNGLE'),
		('TOMATO_JUNGLE_CULTURE', 'MODIFIER_PLAYER_ADJUST_PLOT_YIELD', 'REQUIREMENT_SET_TOMATO_JUNGLE'),
		('TOMATO_JUNGLE_FAITH', 'MODIFIER_PLAYER_ADJUST_PLOT_YIELD', 'REQUIREMENT_SET_TOMATO_JUNGLE');

INSERT OR REPLACE INTO ModifierArguments
		(ModifierId, Name, Value)
	VALUES
		('TOMATO_JUNGLE_FOOD', 'YieldType', 'YIELD_FOOD'),
		('TOMATO_JUNGLE_FOOD', 'Amount', 1),
		('TOMATO_JUNGLE_PRODUCTION', 'YieldType', 'YIELD_PRODUCTION'),
		('TOMATO_JUNGLE_PRODUCTION', 'Amount', 1),
		('TOMATO_JUNGLE_SCIENCE', 'YieldType', 'YIELD_SCIENCE'),
		('TOMATO_JUNGLE_SCIENCE', 'Amount', 1),
		('TOMATO_JUNGLE_CULTURE', 'YieldType', 'YIELD_CULTURE'),
		('TOMATO_JUNGLE_CULTURE', 'Amount', 1),
		('TOMATO_JUNGLE_FAITH', 'YieldType', 'YIELD_FAITH'),
		('TOMATO_JUNGLE_FAITH', 'Amount', 1);

INSERT OR REPLACE INTO TraitModifiers
		(TraitType, ModifierId)
	VALUES
		('TRAIT_LEADER_SISTER_KOTONOHA', 'TOMATO_JUNGLE_FOOD'),
		('TRAIT_LEADER_SISTER_KOTONOHA', 'TOMATO_JUNGLE_PRODUCTION'),
		('TRAIT_LEADER_SISTER_KOTONOHA', 'TOMATO_JUNGLE_SCIENCE'),
		('TRAIT_LEADER_SISTER_KOTONOHA', 'TOMATO_JUNGLE_CULTURE'),
		('TRAIT_LEADER_SISTER_KOTONOHA', 'TOMATO_JUNGLE_FAITH');
