--	必要条件：社会制度「政治哲学」
INSERT OR REPLACE INTO Requirements
		(RequirementId, RequirementType)
	VALUES
		('REQUIRES_YUZUKI_CHOCO_PLAYER_HAS_POLITICAL_PHILOSOPHY', 'REQUIREMENT_PLAYER_HAS_CIVIC');
INSERT OR REPLACE INTO RequirementArguments
		(RequirementId, Name, Value)
	VALUES
		('REQUIRES_YUZUKI_CHOCO_PLAYER_HAS_POLITICAL_PHILOSOPHY', 'CivicType', 'CIVIC_POLITICAL_PHILOSOPHY');
INSERT OR REPLACE INTO RequirementSets
		(RequirementSetId, RequirementSetType)
	VALUES
		('YUZUKI_CHOCO_PLAYER_HAS_POLITICAL_PHILOSOPHY', 'REQUIREMENTSET_TEST_ALL');
INSERT OR REPLACE INTO RequirementSetRequirements
		(RequirementSetId, RequirementId)
	VALUES
		('YUZUKI_CHOCO_PLAYER_HAS_POLITICAL_PHILOSOPHY', 'REQUIRES_YUZUKI_CHOCO_PLAYER_HAS_POLITICAL_PHILOSOPHY');
--	必要条件：社会制度「外交官」
INSERT OR REPLACE INTO Requirements
		(RequirementId, RequirementType)
	VALUES
		('REQUIRES_YUZUKI_CHOCO_PLAYER_HAS_DIPLOMATIC_SERVICE', 'REQUIREMENT_PLAYER_HAS_CIVIC');
INSERT OR REPLACE INTO RequirementArguments
		(RequirementId, Name, Value)
	VALUES
		('REQUIRES_YUZUKI_CHOCO_PLAYER_HAS_DIPLOMATIC_SERVICE', 'CivicType', 'CIVIC_DIPLOMATIC_SERVICE');
INSERT OR REPLACE INTO RequirementSets
		(RequirementSetId, RequirementSetType)
	VALUES
		('YUZUKI_CHOCO_PLAYER_HAS_DIPLOMATIC_SERVICE', 'REQUIREMENTSET_TEST_ALL');
INSERT OR REPLACE INTO RequirementSetRequirements
		(RequirementSetId, RequirementId)
	VALUES
		('YUZUKI_CHOCO_PLAYER_HAS_DIPLOMATIC_SERVICE', 'REQUIRES_YUZUKI_CHOCO_PLAYER_HAS_DIPLOMATIC_SERVICE');
--	必要条件：社会制度「戦時動員」
INSERT OR REPLACE INTO Requirements
		(RequirementId, RequirementType)
	VALUES
		('REQUIRES_YUZUKI_CHOCO_PLAYER_HAS_MOBILIZATION', 'REQUIREMENT_PLAYER_HAS_CIVIC');
INSERT OR REPLACE INTO RequirementArguments
		(RequirementId, Name, Value)
	VALUES
		('REQUIRES_YUZUKI_CHOCO_PLAYER_HAS_MOBILIZATION', 'CivicType', 'CIVIC_MOBILIZATION');
INSERT OR REPLACE INTO RequirementSets
		(RequirementSetId, RequirementSetType)
	VALUES
		('YUZUKI_CHOCO_PLAYER_HAS_MOBILIZATION', 'REQUIREMENTSET_TEST_ALL');
INSERT OR REPLACE INTO RequirementSetRequirements
		(RequirementSetId, RequirementId)
	VALUES
		('YUZUKI_CHOCO_PLAYER_HAS_MOBILIZATION', 'REQUIRES_YUZUKI_CHOCO_PLAYER_HAS_MOBILIZATION');

--	必要条件：社会制度「法典」
INSERT OR REPLACE INTO Requirements
		(RequirementId, RequirementType)
	VALUES
		('REQUIRES_YUZUKI_CHOCO_PLAYER_HAS_CODE_OF_LAWS', 'REQUIREMENT_PLAYER_HAS_CIVIC');
INSERT OR REPLACE INTO RequirementArguments
		(RequirementId, Name, Value)
	VALUES
		('REQUIRES_YUZUKI_CHOCO_PLAYER_HAS_CODE_OF_LAWS', 'CivicType', 'CIVIC_CODE_OF_LAWS');
INSERT OR REPLACE INTO RequirementSets
		(RequirementSetId, RequirementSetType)
	VALUES
		('YUZUKI_CHOCO_PLAYER_HAS_CODE_OF_LAWS', 'REQUIREMENTSET_TEST_ALL');
INSERT OR REPLACE INTO RequirementSetRequirements
		(RequirementSetId, RequirementId)
	VALUES
		('YUZUKI_CHOCO_PLAYER_HAS_CODE_OF_LAWS', 'REQUIRES_YUZUKI_CHOCO_PLAYER_HAS_CODE_OF_LAWS');
--	必要条件：社会制度「職人技」
INSERT OR REPLACE INTO Requirements
		(RequirementId, RequirementType)
	VALUES
		('REQUIRES_YUZUKI_CHOCO_PLAYER_HAS_CRAFTSMANSHIP', 'REQUIREMENT_PLAYER_HAS_CIVIC');
INSERT OR REPLACE INTO RequirementArguments
		(RequirementId, Name, Value)
	VALUES
		('REQUIRES_YUZUKI_CHOCO_PLAYER_HAS_CRAFTSMANSHIP', 'CivicType', 'CIVIC_CRAFTSMANSHIP');
INSERT OR REPLACE INTO RequirementSets
		(RequirementSetId, RequirementSetType)
	VALUES
		('YUZUKI_CHOCO_PLAYER_HAS_CRAFTSMANSHIP', 'REQUIREMENTSET_TEST_ALL');
INSERT OR REPLACE INTO RequirementSetRequirements
		(RequirementSetId, RequirementId)
	VALUES
		('YUZUKI_CHOCO_PLAYER_HAS_CRAFTSMANSHIP', 'REQUIRES_YUZUKI_CHOCO_PLAYER_HAS_CRAFTSMANSHIP');
-- --	必要条件：社会制度「対外貿易」
-- INSERT OR REPLACE INTO Requirements
-- 		(RequirementId, RequirementType)
-- 	VALUES
-- 		('REQUIRES_YUZUKI_CHOCO_PLAYER_HAS_FOREIGN_TRADE', 'REQUIREMENT_PLAYER_HAS_CIVIC');
-- INSERT OR REPLACE INTO RequirementArguments
-- 		(RequirementId, Name, Value)
-- 	VALUES
-- 		('REQUIRES_YUZUKI_CHOCO_PLAYER_HAS_FOREIGN_TRADE', 'CivicType', 'CIVIC_FOREIGN_TRADE');
-- INSERT OR REPLACE INTO RequirementSets
-- 		(RequirementSetId, RequirementSetType)
-- 	VALUES
-- 		('YUZUKI_CHOCO_PLAYER_HAS_FOREIGN_TRADE', 'REQUIREMENTSET_TEST_ALL');
-- INSERT OR REPLACE INTO RequirementSetRequirements
-- 		(RequirementSetId, RequirementId)
-- 	VALUES
-- 		('YUZUKI_CHOCO_PLAYER_HAS_FOREIGN_TRADE', 'REQUIRES_YUZUKI_CHOCO_PLAYER_HAS_FOREIGN_TRADE');
--	必要条件：社会制度「軍の伝統」
INSERT OR REPLACE INTO Requirements
		(RequirementId, RequirementType)
	VALUES
		('REQUIRES_YUZUKI_CHOCO_PLAYER_HAS_MILITARY_TRADITION', 'REQUIREMENT_PLAYER_HAS_CIVIC');
INSERT OR REPLACE INTO RequirementArguments
		(RequirementId, Name, Value)
	VALUES
		('REQUIRES_YUZUKI_CHOCO_PLAYER_HAS_MILITARY_TRADITION', 'CivicType', 'CIVIC_MILITARY_TRADITION');
INSERT OR REPLACE INTO RequirementSets
		(RequirementSetId, RequirementSetType)
	VALUES
		('YUZUKI_CHOCO_PLAYER_HAS_MILITARY_TRADITION', 'REQUIREMENTSET_TEST_ALL');
INSERT OR REPLACE INTO RequirementSetRequirements
		(RequirementSetId, RequirementId)
	VALUES
		('YUZUKI_CHOCO_PLAYER_HAS_MILITARY_TRADITION', 'REQUIRES_YUZUKI_CHOCO_PLAYER_HAS_MILITARY_TRADITION');
--	必要条件：社会制度「古代の帝国」
INSERT OR REPLACE INTO Requirements
		(RequirementId, RequirementType)
	VALUES
		('REQUIRES_YUZUKI_CHOCO_PLAYER_HAS_EARLY_EMPIRE', 'REQUIREMENT_PLAYER_HAS_CIVIC');
INSERT OR REPLACE INTO RequirementArguments
		(RequirementId, Name, Value)
	VALUES
		('REQUIRES_YUZUKI_CHOCO_PLAYER_HAS_EARLY_EMPIRE', 'CivicType', 'CIVIC_EARLY_EMPIRE');
INSERT OR REPLACE INTO RequirementSets
		(RequirementSetId, RequirementSetType)
	VALUES
		('YUZUKI_CHOCO_PLAYER_HAS_EARLY_EMPIRE', 'REQUIREMENTSET_TEST_ALL');
INSERT OR REPLACE INTO RequirementSetRequirements
		(RequirementSetId, RequirementId)
	VALUES
		('YUZUKI_CHOCO_PLAYER_HAS_EARLY_EMPIRE', 'REQUIRES_YUZUKI_CHOCO_PLAYER_HAS_EARLY_EMPIRE');
--	必要条件：社会制度「神秘主義」
INSERT OR REPLACE INTO Requirements
		(RequirementId, RequirementType)
	VALUES
		('REQUIRES_YUZUKI_CHOCO_PLAYER_HAS_MYSTICISM', 'REQUIREMENT_PLAYER_HAS_CIVIC');
INSERT OR REPLACE INTO RequirementArguments
		(RequirementId, Name, Value)
	VALUES
		('REQUIRES_YUZUKI_CHOCO_PLAYER_HAS_MYSTICISM', 'CivicType', 'CIVIC_MYSTICISM');
INSERT OR REPLACE INTO RequirementSets
		(RequirementSetId, RequirementSetType)
	VALUES
		('YUZUKI_CHOCO_PLAYER_HAS_MYSTICISM', 'REQUIREMENTSET_TEST_ALL');
INSERT OR REPLACE INTO RequirementSetRequirements
		(RequirementSetId, RequirementId)
	VALUES
		('YUZUKI_CHOCO_PLAYER_HAS_MYSTICISM', 'REQUIRES_YUZUKI_CHOCO_PLAYER_HAS_MYSTICISM');
--	必要条件：社会制度「歴史の記録」
INSERT OR REPLACE INTO Requirements
		(RequirementId, RequirementType)
	VALUES
		('REQUIRES_YUZUKI_CHOCO_PLAYER_HAS_RECORDED_HISTORY', 'REQUIREMENT_PLAYER_HAS_CIVIC');
INSERT OR REPLACE INTO RequirementArguments
		(RequirementId, Name, Value)
	VALUES
		('REQUIRES_YUZUKI_CHOCO_PLAYER_HAS_RECORDED_HISTORY', 'CivicType', 'CIVIC_RECORDED_HISTORY');
INSERT OR REPLACE INTO RequirementSets
		(RequirementSetId, RequirementSetType)
	VALUES
		('YUZUKI_CHOCO_PLAYER_HAS_RECORDED_HISTORY', 'REQUIREMENTSET_TEST_ALL');
INSERT OR REPLACE INTO RequirementSetRequirements
		(RequirementSetId, RequirementId)
	VALUES
		('YUZUKI_CHOCO_PLAYER_HAS_RECORDED_HISTORY', 'REQUIRES_YUZUKI_CHOCO_PLAYER_HAS_RECORDED_HISTORY');
--	必要条件：社会制度「ギルド」
INSERT OR REPLACE INTO Requirements
		(RequirementId, RequirementType)
	VALUES
		('REQUIRES_YUZUKI_CHOCO_PLAYER_HAS_GUILDS', 'REQUIREMENT_PLAYER_HAS_CIVIC');
INSERT OR REPLACE INTO RequirementArguments
		(RequirementId, Name, Value)
	VALUES
		('REQUIRES_YUZUKI_CHOCO_PLAYER_HAS_GUILDS', 'CivicType', 'CIVIC_GUILDS');
INSERT OR REPLACE INTO RequirementSets
		(RequirementSetId, RequirementSetType)
	VALUES
		('YUZUKI_CHOCO_PLAYER_HAS_GUILDS', 'REQUIREMENTSET_TEST_ALL');
INSERT OR REPLACE INTO RequirementSetRequirements
		(RequirementSetId, RequirementId)
	VALUES
		('YUZUKI_CHOCO_PLAYER_HAS_GUILDS', 'REQUIRES_YUZUKI_CHOCO_PLAYER_HAS_GUILDS');


--	文明特性：政策スロット増加
INSERT OR REPLACE INTO Modifiers
		(ModifierId, ModifierType, SubjectRequirementSetId)
	VALUES
		-- 法典
		('YUZUKI_CHOCO_SLOT_MILITARY_CODE_OF_LAWS', 'MODIFIER_PLAYER_CULTURE_ADJUST_GOVERNMENT_SLOTS_MODIFIER', 'YUZUKI_CHOCO_PLAYER_HAS_CODE_OF_LAWS'),
		('YUZUKI_CHOCO_SLOT_ECONOMIC_CODE_OF_LAWS', 'MODIFIER_PLAYER_CULTURE_ADJUST_GOVERNMENT_SLOTS_MODIFIER', 'YUZUKI_CHOCO_PLAYER_HAS_CODE_OF_LAWS'),
		-- 職人技
		('YUZUKI_CHOCO_SLOT_MILITARY_CRAFTSMANSHIP', 'MODIFIER_PLAYER_CULTURE_ADJUST_GOVERNMENT_SLOTS_MODIFIER', 'YUZUKI_CHOCO_PLAYER_HAS_CRAFTSMANSHIP'),
		-- -- 対外貿易
		-- ('YUZUKI_CHOCO_SLOT_ECONOMIC_FOREIGN_TRADE', 'MODIFIER_PLAYER_CULTURE_ADJUST_GOVERNMENT_SLOTS_MODIFIER', 'YUZUKI_CHOCO_PLAYER_HAS_FOREIGN_TRADE'),
		-- 軍の伝統
		('YUZUKI_CHOCO_SLOT_WILDCARD_MILITARY_TRADITION', 'MODIFIER_PLAYER_CULTURE_ADJUST_GOVERNMENT_SLOTS_MODIFIER', 'YUZUKI_CHOCO_PLAYER_HAS_MILITARY_TRADITION'),
		-- 古代の帝国
		('YUZUKI_CHOCO_SLOT_WILDCARD_EARLY_EMPIRE', 'MODIFIER_PLAYER_CULTURE_ADJUST_GOVERNMENT_SLOTS_MODIFIER', 'YUZUKI_CHOCO_PLAYER_HAS_EARLY_EMPIRE'),
		-- 神秘主義
		('YUZUKI_CHOCO_SLOT_WILDCARD_MYSTICISM', 'MODIFIER_PLAYER_CULTURE_ADJUST_GOVERNMENT_SLOTS_MODIFIER', 'YUZUKI_CHOCO_PLAYER_HAS_MYSTICISM'),
		-- 戦時動員
		('YUZUKI_CHOCO_SLOT_MILITARY_MOBILIZATION', 'MODIFIER_PLAYER_CULTURE_ADJUST_GOVERNMENT_SLOTS_MODIFIER', 'YUZUKI_CHOCO_PLAYER_HAS_MOBILIZATION'),
		-- 政治哲学
		('YUZUKI_CHOCO_SLOT_DIPLOMATIC_POLITICAL_PHILOSOPHY', 'MODIFIER_PLAYER_CULTURE_ADJUST_GOVERNMENT_SLOTS_MODIFIER', 'YUZUKI_CHOCO_PLAYER_HAS_POLITICAL_PHILOSOPHY'),
		-- 歴史の記録
		('YUZUKI_CHOCO_SLOT_ECONOMIC_RECORDED_HISTORY', 'MODIFIER_PLAYER_CULTURE_ADJUST_GOVERNMENT_SLOTS_MODIFIER', 'YUZUKI_CHOCO_PLAYER_HAS_RECORDED_HISTORY'),
		('YUZUKI_CHOCO_SLOT_DIPLOMATIC_RECORDED_HISTORY', 'MODIFIER_PLAYER_CULTURE_ADJUST_GOVERNMENT_SLOTS_MODIFIER', 'YUZUKI_CHOCO_PLAYER_HAS_RECORDED_HISTORY'),
		-- ギルド
		('YUZUKI_CHOCO_SLOT_WILDCARD_GUILDS', 'MODIFIER_PLAYER_CULTURE_ADJUST_GOVERNMENT_SLOTS_MODIFIER', 'YUZUKI_CHOCO_PLAYER_HAS_GUILDS'),
		-- 外交官
		('YUZUKI_CHOCO_SLOT_DIPLOMATIC_DIPLOMATIC_SERVICE', 'MODIFIER_PLAYER_CULTURE_ADJUST_GOVERNMENT_SLOTS_MODIFIER', 'YUZUKI_CHOCO_PLAYER_HAS_DIPLOMATIC_SERVICE');

INSERT OR REPLACE INTO ModifierArguments
		(ModifierId, Name, Value)
	VALUES
		-- 「法典」で軍事、経済スロットを追加
		('YUZUKI_CHOCO_SLOT_MILITARY_CODE_OF_LAWS', 'GovernmentSlotType', 'SLOT_MILITARY'),
		('YUZUKI_CHOCO_SLOT_ECONOMIC_CODE_OF_LAWS', 'GovernmentSlotType', 'SLOT_ECONOMIC'),
		-- 「職人技」で軍事スロットを追加
		('YUZUKI_CHOCO_SLOT_MILITARY_CRAFTSMANSHIP', 'GovernmentSlotType', 'SLOT_MILITARY'),
		-- -- 「対外貿易」で経済スロットを追加
		-- ('YUZUKI_CHOCO_SLOT_ECONOMIC_FOREIGN_TRADE', 'GovernmentSlotType', 'SLOT_ECONOMIC'),
		-- 「軍の伝統」でワイルドカードスロットを追加
		('YUZUKI_CHOCO_SLOT_WILDCARD_MILITARY_TRADITION', 'GovernmentSlotType', 'SLOT_WILDCARD'),
		-- 「古代の帝国」で経済スロットを追加
		('YUZUKI_CHOCO_SLOT_WILDCARD_EARLY_EMPIRE', 'GovernmentSlotType', 'SLOT_ECONOMIC'),
		-- 「神秘主義」でワイルドカードスロットを追加
		('YUZUKI_CHOCO_SLOT_WILDCARD_MYSTICISM', 'GovernmentSlotType', 'SLOT_WILDCARD'),
		-- 「戦時動員」で軍事スロットを追加
		('YUZUKI_CHOCO_SLOT_MILITARY_MOBILIZATION', 'GovernmentSlotType', 'SLOT_MILITARY'),
		-- 「政治哲学」で外交スロットを追加
		('YUZUKI_CHOCO_SLOT_DIPLOMATIC_POLITICAL_PHILOSOPHY', 'GovernmentSlotType', 'SLOT_DIPLOMATIC'),
		-- 「歴史の記録」で経済スロットを追加
		('YUZUKI_CHOCO_SLOT_ECONOMIC_RECORDED_HISTORY', 'GovernmentSlotType', 'SLOT_ECONOMIC'),
		('YUZUKI_CHOCO_SLOT_DIPLOMATIC_RECORDED_HISTORY', 'GovernmentSlotType', 'SLOT_DIPLOMATIC'),
		-- 「ギルド」でワイルドカードスロットを追加
		('YUZUKI_CHOCO_SLOT_WILDCARD_GUILDS', 'GovernmentSlotType', 'SLOT_WILDCARD'),
		-- 「外交官」で外交スロットを追加
		('YUZUKI_CHOCO_SLOT_DIPLOMATIC_DIPLOMATIC_SERVICE', 'GovernmentSlotType', 'SLOT_DIPLOMATIC');

INSERT OR REPLACE INTO TraitModifiers
		(TraitType, ModifierId)
	VALUES
		-- 法典
		('TRAIT_LEADER_SISTER_KOTONOHA', 'YUZUKI_CHOCO_SLOT_MILITARY_CODE_OF_LAWS'),
		('TRAIT_LEADER_SISTER_KOTONOHA', 'YUZUKI_CHOCO_SLOT_ECONOMIC_CODE_OF_LAWS'),
		-- 職人技
		('TRAIT_LEADER_SISTER_KOTONOHA', 'YUZUKI_CHOCO_SLOT_MILITARY_CRAFTSMANSHIP'),
		-- -- 対外貿易
		-- ('TRAIT_LEADER_SISTER_KOTONOHA', 'YUZUKI_CHOCO_SLOT_ECONOMIC_FOREIGN_TRADE'),
		-- 軍の伝統
		('TRAIT_LEADER_SISTER_KOTONOHA', 'YUZUKI_CHOCO_SLOT_WILDCARD_MILITARY_TRADITION'),
		-- 古代の帝国
		('TRAIT_LEADER_SISTER_KOTONOHA', 'YUZUKI_CHOCO_SLOT_WILDCARD_EARLY_EMPIRE'),
		-- 神秘主義
		('TRAIT_LEADER_SISTER_KOTONOHA', 'YUZUKI_CHOCO_SLOT_WILDCARD_MYSTICISM'),
		-- 戦時動員
		('TRAIT_LEADER_SISTER_KOTONOHA', 'YUZUKI_CHOCO_SLOT_MILITARY_MOBILIZATION'),
		-- 政治哲学
		('TRAIT_LEADER_SISTER_KOTONOHA', 'YUZUKI_CHOCO_SLOT_DIPLOMATIC_POLITICAL_PHILOSOPHY'),
		-- 歴史の記録
		('TRAIT_LEADER_SISTER_KOTONOHA', 'YUZUKI_CHOCO_SLOT_ECONOMIC_RECORDED_HISTORY'),
		('TRAIT_LEADER_SISTER_KOTONOHA', 'YUZUKI_CHOCO_SLOT_DIPLOMATIC_RECORDED_HISTORY'),
		-- ギルド
		('TRAIT_LEADER_SISTER_KOTONOHA', 'YUZUKI_CHOCO_SLOT_WILDCARD_GUILDS'),
		-- 外交官
		('TRAIT_LEADER_SISTER_KOTONOHA', 'YUZUKI_CHOCO_SLOT_DIPLOMATIC_DIPLOMATIC_SERVICE');
