--	必要条件：社会制度「政治哲学」
INSERT OR REPLACE INTO Requirements
		(RequirementId, RequirementType)
	VALUES
		('REQUIRES_YUZUKI_CHOCO_PLAYER_HAS_POLITICAL_PHILOSOPHY', 'REQUIREMENT_PLAYER_HAS_CIVIC');
INSERT OR REPLACE INTO RequirementArguments
		(RequirementId, Name, Value)
	VALUES
		('REQUIRES_YUZUKI_CHOCO_PLAYER_HAS_POLITICAL_PHILOSOPHY', 'CivicType', 'CIVIC_POLITICAL_PHILOSOPHY');
INSERT OR REPLACE INTO RequirementSets
		(RequirementSetId, RequirementSetType)
	VALUES
		('YUZUKI_CHOCO_PLAYER_HAS_POLITICAL_PHILOSOPHY', 'REQUIREMENTSET_TEST_ALL');
INSERT OR REPLACE INTO RequirementSetRequirements
		(RequirementSetId, RequirementId)
	VALUES
		('YUZUKI_CHOCO_PLAYER_HAS_POLITICAL_PHILOSOPHY', 'REQUIRES_YUZUKI_CHOCO_PLAYER_HAS_POLITICAL_PHILOSOPHY');
--	必要条件：社会制度「外交官」
INSERT OR REPLACE INTO Requirements
		(RequirementId, RequirementType)
	VALUES
		('REQUIRES_YUZUKI_CHOCO_PLAYER_HAS_DIPLOMATIC_SERVICE', 'REQUIREMENT_PLAYER_HAS_CIVIC');
INSERT OR REPLACE INTO RequirementArguments
		(RequirementId, Name, Value)
	VALUES
		('REQUIRES_YUZUKI_CHOCO_PLAYER_HAS_DIPLOMATIC_SERVICE', 'CivicType', 'CIVIC_DIPLOMATIC_SERVICE');
INSERT OR REPLACE INTO RequirementSets
		(RequirementSetId, RequirementSetType)
	VALUES
		('YUZUKI_CHOCO_PLAYER_HAS_DIPLOMATIC_SERVICE', 'REQUIREMENTSET_TEST_ALL');
INSERT OR REPLACE INTO RequirementSetRequirements
		(RequirementSetId, RequirementId)
	VALUES
		('YUZUKI_CHOCO_PLAYER_HAS_DIPLOMATIC_SERVICE', 'REQUIRES_YUZUKI_CHOCO_PLAYER_HAS_DIPLOMATIC_SERVICE');
--	必要条件：社会制度「戦時動員」
INSERT OR REPLACE INTO Requirements
		(RequirementId, RequirementType)
	VALUES
		('REQUIRES_YUZUKI_CHOCO_PLAYER_HAS_MOBILIZATION', 'REQUIREMENT_PLAYER_HAS_CIVIC');
INSERT OR REPLACE INTO RequirementArguments
		(RequirementId, Name, Value)
	VALUES
		('REQUIRES_YUZUKI_CHOCO_PLAYER_HAS_MOBILIZATION', 'CivicType', 'CIVIC_MOBILIZATION');
INSERT OR REPLACE INTO RequirementSets
		(RequirementSetId, RequirementSetType)
	VALUES
		('YUZUKI_CHOCO_PLAYER_HAS_MOBILIZATION', 'REQUIREMENTSET_TEST_ALL');
INSERT OR REPLACE INTO RequirementSetRequirements
		(RequirementSetId, RequirementId)
	VALUES
		('YUZUKI_CHOCO_PLAYER_HAS_MOBILIZATION', 'REQUIRES_YUZUKI_CHOCO_PLAYER_HAS_MOBILIZATION');

--	必要条件：社会制度「法典」
INSERT OR REPLACE INTO Requirements
		(RequirementId, RequirementType)
	VALUES
		('REQUIRES_YUZUKI_CHOCO_PLAYER_HAS_CODE_OF_LAWS', 'REQUIREMENT_PLAYER_HAS_CIVIC');
INSERT OR REPLACE INTO RequirementArguments
		(RequirementId, Name, Value)
	VALUES
		('REQUIRES_YUZUKI_CHOCO_PLAYER_HAS_CODE_OF_LAWS', 'CivicType', 'CIVIC_CODE_OF_LAWS');
INSERT OR REPLACE INTO RequirementSets
		(RequirementSetId, RequirementSetType)
	VALUES
		('YUZUKI_CHOCO_PLAYER_HAS_CODE_OF_LAWS', 'REQUIREMENTSET_TEST_ALL');
INSERT OR REPLACE INTO RequirementSetRequirements
		(RequirementSetId, RequirementId)
	VALUES
		('YUZUKI_CHOCO_PLAYER_HAS_CODE_OF_LAWS', 'REQUIRES_YUZUKI_CHOCO_PLAYER_HAS_CODE_OF_LAWS');
--	必要条件：社会制度「職人技」
INSERT OR REPLACE INTO Requirements
		(RequirementId, RequirementType)
	VALUES
		('REQUIRES_YUZUKI_CHOCO_PLAYER_HAS_CRAFTSMANSHIP', 'REQUIREMENT_PLAYER_HAS_CIVIC');
INSERT OR REPLACE INTO RequirementArguments
		(RequirementId, Name, Value)
	VALUES
		('REQUIRES_YUZUKI_CHOCO_PLAYER_HAS_CRAFTSMANSHIP', 'CivicType', 'CIVIC_CRAFTSMANSHIP');
INSERT OR REPLACE INTO RequirementSets
		(RequirementSetId, RequirementSetType)
	VALUES
		('YUZUKI_CHOCO_PLAYER_HAS_CRAFTSMANSHIP', 'REQUIREMENTSET_TEST_ALL');
INSERT OR REPLACE INTO RequirementSetRequirements
		(RequirementSetId, RequirementId)
	VALUES
		('YUZUKI_CHOCO_PLAYER_HAS_CRAFTSMANSHIP', 'REQUIRES_YUZUKI_CHOCO_PLAYER_HAS_CRAFTSMANSHIP');
--	必要条件：社会制度「対外貿易」
INSERT OR REPLACE INTO Requirements
		(RequirementId, RequirementType)
	VALUES
		('REQUIRES_YUZUKI_CHOCO_PLAYER_HAS_FOREIGN_TRADE', 'REQUIREMENT_PLAYER_HAS_CIVIC');
INSERT OR REPLACE INTO RequirementArguments
		(RequirementId, Name, Value)
	VALUES
		('REQUIRES_YUZUKI_CHOCO_PLAYER_HAS_FOREIGN_TRADE', 'CivicType', 'CIVIC_FOREIGN_TRADE');
INSERT OR REPLACE INTO RequirementSets
		(RequirementSetId, RequirementSetType)
	VALUES
		('YUZUKI_CHOCO_PLAYER_HAS_FOREIGN_TRADE', 'REQUIREMENTSET_TEST_ALL');
INSERT OR REPLACE INTO RequirementSetRequirements
		(RequirementSetId, RequirementId)
	VALUES
		('YUZUKI_CHOCO_PLAYER_HAS_FOREIGN_TRADE', 'REQUIRES_YUZUKI_CHOCO_PLAYER_HAS_FOREIGN_TRADE');
--	必要条件：社会制度「労働徴発」
INSERT OR REPLACE INTO Requirements
		(RequirementId, RequirementType)
	VALUES
		('REQUIRES_YUZUKI_CHOCO_PLAYER_HAS_STATE_WORKFORCE', 'REQUIREMENT_PLAYER_HAS_CIVIC');
INSERT OR REPLACE INTO RequirementArguments
		(RequirementId, Name, Value)
	VALUES
		('REQUIRES_YUZUKI_CHOCO_PLAYER_HAS_STATE_WORKFORCE', 'CivicType', 'CIVIC_STATE_WORKFORCE');
INSERT OR REPLACE INTO RequirementSets
		(RequirementSetId, RequirementSetType)
	VALUES
		('YUZUKI_CHOCO_PLAYER_HAS_STATE_WORKFORCE', 'REQUIREMENTSET_TEST_ALL');
INSERT OR REPLACE INTO RequirementSetRequirements
		(RequirementSetId, RequirementId)
	VALUES
		('YUZUKI_CHOCO_PLAYER_HAS_STATE_WORKFORCE', 'REQUIRES_YUZUKI_CHOCO_PLAYER_HAS_STATE_WORKFORCE');
--	必要条件：社会制度「軍の伝統」
INSERT OR REPLACE INTO Requirements
		(RequirementId, RequirementType)
	VALUES
		('REQUIRES_YUZUKI_CHOCO_PLAYER_HAS_MILITARY_TRADITION', 'REQUIREMENT_PLAYER_HAS_CIVIC');
INSERT OR REPLACE INTO RequirementArguments
		(RequirementId, Name, Value)
	VALUES
		('REQUIRES_YUZUKI_CHOCO_PLAYER_HAS_MILITARY_TRADITION', 'CivicType', 'CIVIC_MILITARY_TRADITION');
INSERT OR REPLACE INTO RequirementSets
		(RequirementSetId, RequirementSetType)
	VALUES
		('YUZUKI_CHOCO_PLAYER_HAS_MILITARY_TRADITION', 'REQUIREMENTSET_TEST_ALL');
INSERT OR REPLACE INTO RequirementSetRequirements
		(RequirementSetId, RequirementId)
	VALUES
		('YUZUKI_CHOCO_PLAYER_HAS_MILITARY_TRADITION', 'REQUIRES_YUZUKI_CHOCO_PLAYER_HAS_MILITARY_TRADITION');
--	必要条件：社会制度「古代の帝国」
INSERT OR REPLACE INTO Requirements
		(RequirementId, RequirementType)
	VALUES
		('REQUIRES_YUZUKI_CHOCO_PLAYER_HAS_EARLY_EMPIRE', 'REQUIREMENT_PLAYER_HAS_CIVIC');
INSERT OR REPLACE INTO RequirementArguments
		(RequirementId, Name, Value)
	VALUES
		('REQUIRES_YUZUKI_CHOCO_PLAYER_HAS_EARLY_EMPIRE', 'CivicType', 'CIVIC_EARLY_EMPIRE');
INSERT OR REPLACE INTO RequirementSets
		(RequirementSetId, RequirementSetType)
	VALUES
		('YUZUKI_CHOCO_PLAYER_HAS_EARLY_EMPIRE', 'REQUIREMENTSET_TEST_ALL');
INSERT OR REPLACE INTO RequirementSetRequirements
		(RequirementSetId, RequirementId)
	VALUES
		('YUZUKI_CHOCO_PLAYER_HAS_EARLY_EMPIRE', 'REQUIRES_YUZUKI_CHOCO_PLAYER_HAS_EARLY_EMPIRE');
--	必要条件：社会制度「神秘主義」
INSERT OR REPLACE INTO Requirements
		(RequirementId, RequirementType)
	VALUES
		('REQUIRES_YUZUKI_CHOCO_PLAYER_HAS_MYSTICISM', 'REQUIREMENT_PLAYER_HAS_CIVIC');
INSERT OR REPLACE INTO RequirementArguments
		(RequirementId, Name, Value)
	VALUES
		('REQUIRES_YUZUKI_CHOCO_PLAYER_HAS_MYSTICISM', 'CivicType', 'CIVIC_MYSTICISM');
INSERT OR REPLACE INTO RequirementSets
		(RequirementSetId, RequirementSetType)
	VALUES
		('YUZUKI_CHOCO_PLAYER_HAS_MYSTICISM', 'REQUIREMENTSET_TEST_ALL');
INSERT OR REPLACE INTO RequirementSetRequirements
		(RequirementSetId, RequirementId)
	VALUES
		('YUZUKI_CHOCO_PLAYER_HAS_MYSTICISM', 'REQUIRES_YUZUKI_CHOCO_PLAYER_HAS_MYSTICISM');
--	必要条件：社会制度「歴史の記録」
INSERT OR REPLACE INTO Requirements
		(RequirementId, RequirementType)
	VALUES
		('REQUIRES_YUZUKI_CHOCO_PLAYER_HAS_RECORDED_HISTORY', 'REQUIREMENT_PLAYER_HAS_CIVIC');
INSERT OR REPLACE INTO RequirementArguments
		(RequirementId, Name, Value)
	VALUES
		('REQUIRES_YUZUKI_CHOCO_PLAYER_HAS_RECORDED_HISTORY', 'CivicType', 'CIVIC_RECORDED_HISTORY');
INSERT OR REPLACE INTO RequirementSets
		(RequirementSetId, RequirementSetType)
	VALUES
		('YUZUKI_CHOCO_PLAYER_HAS_RECORDED_HISTORY', 'REQUIREMENTSET_TEST_ALL');
INSERT OR REPLACE INTO RequirementSetRequirements
		(RequirementSetId, RequirementId)
	VALUES
		('YUZUKI_CHOCO_PLAYER_HAS_RECORDED_HISTORY', 'REQUIRES_YUZUKI_CHOCO_PLAYER_HAS_RECORDED_HISTORY');
--	必要条件：社会制度「傭兵」
INSERT OR REPLACE INTO Requirements
		(RequirementId, RequirementType)
	VALUES
		('REQUIRES_YUZUKI_CHOCO_PLAYER_HAS_MERCENARIES', 'REQUIREMENT_PLAYER_HAS_CIVIC');
INSERT OR REPLACE INTO RequirementArguments
		(RequirementId, Name, Value)
	VALUES
		('REQUIRES_YUZUKI_CHOCO_PLAYER_HAS_MERCENARIES', 'CivicType', 'CIVIC_MERCENARIES');
INSERT OR REPLACE INTO RequirementSets
		(RequirementSetId, RequirementSetType)
	VALUES
		('YUZUKI_CHOCO_PLAYER_HAS_MERCENARIES', 'REQUIREMENTSET_TEST_ALL');
INSERT OR REPLACE INTO RequirementSetRequirements
		(RequirementSetId, RequirementId)
	VALUES
		('YUZUKI_CHOCO_PLAYER_HAS_MERCENARIES', 'REQUIRES_YUZUKI_CHOCO_PLAYER_HAS_MERCENARIES');
--	必要条件：社会制度「中世の市」
INSERT OR REPLACE INTO Requirements
		(RequirementId, RequirementType)
	VALUES
		('REQUIRES_YUZUKI_CHOCO_PLAYER_HAS_MEDIEVAL_FAIRES', 'REQUIREMENT_PLAYER_HAS_CIVIC');
INSERT OR REPLACE INTO RequirementArguments
		(RequirementId, Name, Value)
	VALUES
		('REQUIRES_YUZUKI_CHOCO_PLAYER_HAS_MEDIEVAL_FAIRES', 'CivicType', 'CIVIC_MEDIEVAL_FAIRES');
INSERT OR REPLACE INTO RequirementSets
		(RequirementSetId, RequirementSetType)
	VALUES
		('YUZUKI_CHOCO_PLAYER_HAS_MEDIEVAL_FAIRES', 'REQUIREMENTSET_TEST_ALL');
INSERT OR REPLACE INTO RequirementSetRequirements
		(RequirementSetId, RequirementId)
	VALUES
		('YUZUKI_CHOCO_PLAYER_HAS_MEDIEVAL_FAIRES', 'REQUIRES_YUZUKI_CHOCO_PLAYER_HAS_MEDIEVAL_FAIRES');
--	必要条件：社会制度「ギルド」
INSERT OR REPLACE INTO Requirements
		(RequirementId, RequirementType)
	VALUES
		('REQUIRES_YUZUKI_CHOCO_PLAYER_HAS_GUILDS', 'REQUIREMENT_PLAYER_HAS_CIVIC');
INSERT OR REPLACE INTO RequirementArguments
		(RequirementId, Name, Value)
	VALUES
		('REQUIRES_YUZUKI_CHOCO_PLAYER_HAS_GUILDS', 'CivicType', 'CIVIC_GUILDS');
INSERT OR REPLACE INTO RequirementSets
		(RequirementSetId, RequirementSetType)
	VALUES
		('YUZUKI_CHOCO_PLAYER_HAS_GUILDS', 'REQUIREMENTSET_TEST_ALL');
INSERT OR REPLACE INTO RequirementSetRequirements
		(RequirementSetId, RequirementId)
	VALUES
		('YUZUKI_CHOCO_PLAYER_HAS_GUILDS', 'REQUIRES_YUZUKI_CHOCO_PLAYER_HAS_GUILDS');
--	必要条件：社会制度「焦土作戦」
INSERT OR REPLACE INTO Requirements
		(RequirementId, RequirementType)
	VALUES
		('REQUIRES_YUZUKI_CHOCO_PLAYER_HAS_SCORCHED_EARTH', 'REQUIREMENT_PLAYER_HAS_CIVIC');
INSERT OR REPLACE INTO RequirementArguments
		(RequirementId, Name, Value)
	VALUES
		('REQUIRES_YUZUKI_CHOCO_PLAYER_HAS_SCORCHED_EARTH', 'CivicType', 'CIVIC_SCORCHED_EARTH');
INSERT OR REPLACE INTO RequirementSets
		(RequirementSetId, RequirementSetType)
	VALUES
		('YUZUKI_CHOCO_PLAYER_HAS_SCORCHED_EARTH', 'REQUIREMENTSET_TEST_ALL');
INSERT OR REPLACE INTO RequirementSetRequirements
		(RequirementSetId, RequirementId)
	VALUES
		('YUZUKI_CHOCO_PLAYER_HAS_SCORCHED_EARTH', 'REQUIRES_YUZUKI_CHOCO_PLAYER_HAS_SCORCHED_EARTH');
--	必要条件：社会制度「軍事訓練」
INSERT OR REPLACE INTO Requirements
		(RequirementId, RequirementType)
	VALUES
		('REQUIRES_YUZUKI_CHOCO_PLAYER_HAS_MILITARY_TRAINING', 'REQUIREMENT_PLAYER_HAS_CIVIC');
INSERT OR REPLACE INTO RequirementArguments
		(RequirementId, Name, Value)
	VALUES
		('REQUIRES_YUZUKI_CHOCO_PLAYER_HAS_MILITARY_TRAINING', 'CivicType', 'CIVIC_MILITARY_TRAINING');
INSERT OR REPLACE INTO RequirementSets
		(RequirementSetId, RequirementSetType)
	VALUES
		('YUZUKI_CHOCO_PLAYER_HAS_MILITARY_TRAINING', 'REQUIREMENTSET_TEST_ALL');
INSERT OR REPLACE INTO RequirementSetRequirements
		(RequirementSetId, RequirementId)
	VALUES
		('YUZUKI_CHOCO_PLAYER_HAS_MILITARY_TRAINING', 'REQUIRES_YUZUKI_CHOCO_PLAYER_HAS_MILITARY_TRAINING');
--	必要条件：社会制度「海軍の伝統」
INSERT OR REPLACE INTO Requirements
		(RequirementId, RequirementType)
	VALUES
		('REQUIRES_YUZUKI_CHOCO_PLAYER_HAS_NAVAL_TRADITION', 'REQUIREMENT_PLAYER_HAS_CIVIC');
INSERT OR REPLACE INTO RequirementArguments
		(RequirementId, Name, Value)
	VALUES
		('REQUIRES_YUZUKI_CHOCO_PLAYER_HAS_NAVAL_TRADITION', 'CivicType', 'CIVIC_NAVAL_TRADITION');
INSERT OR REPLACE INTO RequirementSets
		(RequirementSetId, RequirementSetType)
	VALUES
		('YUZUKI_CHOCO_PLAYER_HAS_NAVAL_TRADITION', 'REQUIREMENTSET_TEST_ALL');
INSERT OR REPLACE INTO RequirementSetRequirements
		(RequirementSetId, RequirementId)
	VALUES
		('YUZUKI_CHOCO_PLAYER_HAS_NAVAL_TRADITION', 'REQUIRES_YUZUKI_CHOCO_PLAYER_HAS_NAVAL_TRADITION');
--	必要条件：社会制度「演劇と詩」
INSERT OR REPLACE INTO Requirements
		(RequirementId, RequirementType)
	VALUES
		('REQUIRES_YUZUKI_CHOCO_PLAYER_HAS_DRAMA_POETRY', 'REQUIREMENT_PLAYER_HAS_CIVIC');
INSERT OR REPLACE INTO RequirementArguments
		(RequirementId, Name, Value)
	VALUES
		('REQUIRES_YUZUKI_CHOCO_PLAYER_HAS_DRAMA_POETRY', 'CivicType', 'CIVIC_DRAMA_POETRY');
INSERT OR REPLACE INTO RequirementSets
		(RequirementSetId, RequirementSetType)
	VALUES
		('YUZUKI_CHOCO_PLAYER_HAS_DRAMA_POETRY', 'REQUIREMENTSET_TEST_ALL');
INSERT OR REPLACE INTO RequirementSetRequirements
		(RequirementSetId, RequirementId)
	VALUES
		('YUZUKI_CHOCO_PLAYER_HAS_DRAMA_POETRY', 'REQUIRES_YUZUKI_CHOCO_PLAYER_HAS_DRAMA_POETRY');
--	必要条件：社会制度「探検」
INSERT OR REPLACE INTO Requirements
		(RequirementId, RequirementType)
	VALUES
		('REQUIRES_YUZUKI_CHOCO_PLAYER_HAS_EXPLORATION', 'REQUIREMENT_PLAYER_HAS_CIVIC');
INSERT OR REPLACE INTO RequirementArguments
		(RequirementId, Name, Value)
	VALUES
		('REQUIRES_YUZUKI_CHOCO_PLAYER_HAS_EXPLORATION', 'CivicType', 'CIVIC_EXPLORATION');
INSERT OR REPLACE INTO RequirementSets
		(RequirementSetId, RequirementSetType)
	VALUES
		('YUZUKI_CHOCO_PLAYER_HAS_EXPLORATION', 'REQUIREMENTSET_TEST_ALL');
INSERT OR REPLACE INTO RequirementSetRequirements
		(RequirementSetId, RequirementId)
	VALUES
		('YUZUKI_CHOCO_PLAYER_HAS_EXPLORATION', 'REQUIRES_YUZUKI_CHOCO_PLAYER_HAS_EXPLORATION');
--	必要条件：社会制度「封建制度」
INSERT OR REPLACE INTO Requirements
		(RequirementId, RequirementType)
	VALUES
		('REQUIRES_YUZUKI_CHOCO_PLAYER_HAS_FEUDALISM', 'REQUIREMENT_PLAYER_HAS_CIVIC');
INSERT OR REPLACE INTO RequirementArguments
		(RequirementId, Name, Value)
	VALUES
		('REQUIRES_YUZUKI_CHOCO_PLAYER_HAS_FEUDALISM', 'CivicType', 'CIVIC_FEUDALISM');
INSERT OR REPLACE INTO RequirementSets
		(RequirementSetId, RequirementSetType)
	VALUES
		('YUZUKI_CHOCO_PLAYER_HAS_FEUDALISM', 'REQUIREMENTSET_TEST_ALL');
INSERT OR REPLACE INTO RequirementSetRequirements
		(RequirementSetId, RequirementId)
	VALUES
		('YUZUKI_CHOCO_PLAYER_HAS_FEUDALISM', 'REQUIRES_YUZUKI_CHOCO_PLAYER_HAS_FEUDALISM');


--	文明特性：政策スロット増加
INSERT OR REPLACE INTO Modifiers
		(ModifierId, ModifierType, SubjectRequirementSetId)
	VALUES
		-- 法典
		('YUZUKI_CHOCO_SLOT_MILITARY_CODE_OF_LAWS', 'MODIFIER_PLAYER_CULTURE_ADJUST_GOVERNMENT_SLOTS_MODIFIER', 'YUZUKI_CHOCO_PLAYER_HAS_CODE_OF_LAWS'),
		('YUZUKI_CHOCO_SLOT_ECONOMIC_CODE_OF_LAWS', 'MODIFIER_PLAYER_CULTURE_ADJUST_GOVERNMENT_SLOTS_MODIFIER', 'YUZUKI_CHOCO_PLAYER_HAS_CODE_OF_LAWS'),
		-- 職人技
		('YUZUKI_CHOCO_SLOT_WILDCARD_CRAFTSMANSHIP', 'MODIFIER_PLAYER_CULTURE_ADJUST_GOVERNMENT_SLOTS_MODIFIER', 'YUZUKI_CHOCO_PLAYER_HAS_CRAFTSMANSHIP'),
		-- ('YUZUKI_CHOCO_SLOT_MILITARY_CRAFTSMANSHIP', 'MODIFIER_PLAYER_CULTURE_ADJUST_GOVERNMENT_SLOTS_MODIFIER', 'YUZUKI_CHOCO_PLAYER_HAS_CRAFTSMANSHIP'),
		-- ('YUZUKI_CHOCO_SLOT_ECONOMIC_CRAFTSMANSHIP', 'MODIFIER_PLAYER_CULTURE_ADJUST_GOVERNMENT_SLOTS_MODIFIER', 'YUZUKI_CHOCO_PLAYER_HAS_CRAFTSMANSHIP'),
		-- 労働徴発
		('YUZUKI_CHOCO_SLOT_WILDCARD_STATE_WORKFORCE', 'MODIFIER_PLAYER_CULTURE_ADJUST_GOVERNMENT_SLOTS_MODIFIER', 'YUZUKI_CHOCO_PLAYER_HAS_STATE_WORKFORCE'),
		-- ('YUZUKI_CHOCO_SLOT_MILITARY_STATE_WORKFORCE', 'MODIFIER_PLAYER_CULTURE_ADJUST_GOVERNMENT_SLOTS_MODIFIER', 'YUZUKI_CHOCO_PLAYER_HAS_STATE_WORKFORCE'),
		-- ('YUZUKI_CHOCO_SLOT_ECONOMIC_STATE_WORKFORCE', 'MODIFIER_PLAYER_CULTURE_ADJUST_GOVERNMENT_SLOTS_MODIFIER', 'YUZUKI_CHOCO_PLAYER_HAS_STATE_WORKFORCE'),
		-- -- 対外貿易
		-- ('YUZUKI_CHOCO_SLOT_ECONOMIC_FOREIGN_TRADE', 'MODIFIER_PLAYER_CULTURE_ADJUST_GOVERNMENT_SLOTS_MODIFIER', 'YUZUKI_CHOCO_PLAYER_HAS_FOREIGN_TRADE'),
		-- 軍の伝統
		('YUZUKI_CHOCO_SLOT_MILITARY_TRADITION', 'MODIFIER_PLAYER_CULTURE_ADJUST_GOVERNMENT_SLOTS_MODIFIER', 'YUZUKI_CHOCO_PLAYER_HAS_MILITARY_TRADITION'),
		('YUZUKI_CHOCO_SLOT_WILDCARD_TRADITION', 'MODIFIER_PLAYER_CULTURE_ADJUST_GOVERNMENT_SLOTS_MODIFIER', 'YUZUKI_CHOCO_PLAYER_HAS_MILITARY_TRADITION'),
		-- 古代の帝国
		('YUZUKI_CHOCO_SLOT_ECONOMIC_EARLY_EMPIRE', 'MODIFIER_PLAYER_CULTURE_ADJUST_GOVERNMENT_SLOTS_MODIFIER', 'YUZUKI_CHOCO_PLAYER_HAS_EARLY_EMPIRE'),
		-- ('YUZUKI_CHOCO_SLOT_MILITARY_EARLY_EMPIRE', 'MODIFIER_PLAYER_CULTURE_ADJUST_GOVERNMENT_SLOTS_MODIFIER', 'YUZUKI_CHOCO_PLAYER_HAS_EARLY_EMPIRE'),
		('YUZUKI_CHOCO_SLOT_WILDCARD_EARLY_EMPIRE', 'MODIFIER_PLAYER_CULTURE_ADJUST_GOVERNMENT_SLOTS_MODIFIER', 'YUZUKI_CHOCO_PLAYER_HAS_EARLY_EMPIRE'),
		-- 神秘主義
		('YUZUKI_CHOCO_SLOT_WILDCARD_MYSTICISM', 'MODIFIER_PLAYER_CULTURE_ADJUST_GOVERNMENT_SLOTS_MODIFIER', 'YUZUKI_CHOCO_PLAYER_HAS_MYSTICISM'),
		-- 戦時動員
		('YUZUKI_CHOCO_SLOT_MILITARY_MOBILIZATION', 'MODIFIER_PLAYER_CULTURE_ADJUST_GOVERNMENT_SLOTS_MODIFIER', 'YUZUKI_CHOCO_PLAYER_HAS_MOBILIZATION'),
		-- 政治哲学
		('YUZUKI_CHOCO_SLOT_DIPLOMATIC_POLITICAL_PHILOSOPHY', 'MODIFIER_PLAYER_CULTURE_ADJUST_GOVERNMENT_SLOTS_MODIFIER', 'YUZUKI_CHOCO_PLAYER_HAS_POLITICAL_PHILOSOPHY'),
		('YUZUKI_CHOCO_SLOT_WILDCARD_POLITICAL_PHILOSOPHY', 'MODIFIER_PLAYER_CULTURE_ADJUST_GOVERNMENT_SLOTS_MODIFIER', 'YUZUKI_CHOCO_PLAYER_HAS_POLITICAL_PHILOSOPHY'),
		-- 歴史の記録
		('YUZUKI_CHOCO_SLOT_ECONOMIC_RECORDED_HISTORY', 'MODIFIER_PLAYER_CULTURE_ADJUST_GOVERNMENT_SLOTS_MODIFIER', 'YUZUKI_CHOCO_PLAYER_HAS_RECORDED_HISTORY'),
		('YUZUKI_CHOCO_SLOT_DIPLOMATIC_RECORDED_HISTORY', 'MODIFIER_PLAYER_CULTURE_ADJUST_GOVERNMENT_SLOTS_MODIFIER', 'YUZUKI_CHOCO_PLAYER_HAS_RECORDED_HISTORY'),
		-- 傭兵
		-- ('YUZUKI_CHOCO_SLOT_MILITARY_MERCENARIES', 'MODIFIER_PLAYER_CULTURE_ADJUST_GOVERNMENT_SLOTS_MODIFIER', 'YUZUKI_CHOCO_PLAYER_HAS_MERCENARIES'),
		('YUZUKI_CHOCO_SLOT_WILDCARD_MERCENARIES', 'MODIFIER_PLAYER_CULTURE_ADJUST_GOVERNMENT_SLOTS_MODIFIER', 'YUZUKI_CHOCO_PLAYER_HAS_MERCENARIES'),
		-- 中世の市
		('YUZUKI_CHOCO_SLOT_ECONOMIC_MEDIEVAL_FAIRES', 'MODIFIER_PLAYER_CULTURE_ADJUST_GOVERNMENT_SLOTS_MODIFIER', 'YUZUKI_CHOCO_PLAYER_HAS_MEDIEVAL_FAIRES'),
		('YUZUKI_CHOCO_SLOT_DIPLOMATIC_MEDIEVAL_FAIRES', 'MODIFIER_PLAYER_CULTURE_ADJUST_GOVERNMENT_SLOTS_MODIFIER', 'YUZUKI_CHOCO_PLAYER_HAS_MEDIEVAL_FAIRES'),
		('YUZUKI_CHOCO_SLOT_WILDCARD_MEDIEVAL_FAIRES', 'MODIFIER_PLAYER_CULTURE_ADJUST_GOVERNMENT_SLOTS_MODIFIER', 'YUZUKI_CHOCO_PLAYER_HAS_MEDIEVAL_FAIRES'),
		-- ギルド
		('YUZUKI_CHOCO_SLOT_ECONOMIC_GUILDS', 'MODIFIER_PLAYER_CULTURE_ADJUST_GOVERNMENT_SLOTS_MODIFIER', 'YUZUKI_CHOCO_PLAYER_HAS_GUILDS'),
		('YUZUKI_CHOCO_SLOT_WILDCARD_GUILDS', 'MODIFIER_PLAYER_CULTURE_ADJUST_GOVERNMENT_SLOTS_MODIFIER', 'YUZUKI_CHOCO_PLAYER_HAS_GUILDS'),
		-- 焦土作戦
		('YUZUKI_CHOCO_SLOT_WILDCARD_SCORCHED_EARTH', 'MODIFIER_PLAYER_CULTURE_ADJUST_GOVERNMENT_SLOTS_MODIFIER', 'YUZUKI_CHOCO_PLAYER_HAS_SCORCHED_EARTH'),
		-- 軍事訓練
		('YUZUKI_CHOCO_SLOT_WILDCARD_MILITARY_TRAINING', 'MODIFIER_PLAYER_CULTURE_ADJUST_GOVERNMENT_SLOTS_MODIFIER', 'YUZUKI_CHOCO_PLAYER_HAS_MILITARY_TRAINING'),
		-- 海軍の伝統
		('YUZUKI_CHOCO_SLOT_ECONOMIC_NAVAL_TRADITION', 'MODIFIER_PLAYER_CULTURE_ADJUST_GOVERNMENT_SLOTS_MODIFIER', 'YUZUKI_CHOCO_PLAYER_HAS_NAVAL_TRADITION'),
		('YUZUKI_CHOCO_SLOT_WILDCARD_NAVAL_TRADITION', 'MODIFIER_PLAYER_CULTURE_ADJUST_GOVERNMENT_SLOTS_MODIFIER', 'YUZUKI_CHOCO_PLAYER_HAS_NAVAL_TRADITION'),
		-- 演劇と詩
		('YUZUKI_CHOCO_SLOT_WILDCARD_DRAMA_POETRY', 'MODIFIER_PLAYER_CULTURE_ADJUST_GOVERNMENT_SLOTS_MODIFIER', 'YUZUKI_CHOCO_PLAYER_HAS_DRAMA_POETRY'),
		-- 探検
		('YUZUKI_CHOCO_SLOT_WILDCARD_EXPLORATION', 'MODIFIER_PLAYER_CULTURE_ADJUST_GOVERNMENT_SLOTS_MODIFIER', 'YUZUKI_CHOCO_PLAYER_HAS_EXPLORATION'),
		-- 封建制度
		('YUZUKI_CHOCO_SLOT_WILDCARD_FEUDALISM', 'MODIFIER_PLAYER_CULTURE_ADJUST_GOVERNMENT_SLOTS_MODIFIER', 'YUZUKI_CHOCO_PLAYER_HAS_FEUDALISM'),
		-- 外交官
		('YUZUKI_CHOCO_SLOT_DIPLOMATIC_DIPLOMATIC_SERVICE', 'MODIFIER_PLAYER_CULTURE_ADJUST_GOVERNMENT_SLOTS_MODIFIER', 'YUZUKI_CHOCO_PLAYER_HAS_DIPLOMATIC_SERVICE');

INSERT OR REPLACE INTO ModifierArguments
		(ModifierId, Name, Value)
	VALUES
		-- 「法典」で軍事、経済スロットを追加
		('YUZUKI_CHOCO_SLOT_MILITARY_CODE_OF_LAWS', 'GovernmentSlotType', 'SLOT_MILITARY'),
		('YUZUKI_CHOCO_SLOT_ECONOMIC_CODE_OF_LAWS', 'GovernmentSlotType', 'SLOT_ECONOMIC'),
		-- 「職人技」でワイルドカードスロットを追加
		('YUZUKI_CHOCO_SLOT_WILDCARD_CRAFTSMANSHIP', 'GovernmentSlotType', 'SLOT_WILDCARD'),
		-- ('YUZUKI_CHOCO_SLOT_MILITARY_CRAFTSMANSHIP', 'GovernmentSlotType', 'SLOT_MILITARY'),
		-- ('YUZUKI_CHOCO_SLOT_ECONOMIC_CRAFTSMANSHIP', 'GovernmentSlotType', 'SLOT_ECONOMIC'),
		-- 「労働徴発」でワイルドカードロットを追加
		('YUZUKI_CHOCO_SLOT_WILDCARD_STATE_WORKFORCE', 'GovernmentSlotType', 'SLOT_WILDCARD'),
		-- ('YUZUKI_CHOCO_SLOT_MILITARY_STATE_WORKFORCE', 'GovernmentSlotType', 'SLOT_MILITARY'),
		-- ('YUZUKI_CHOCO_SLOT_ECONOMIC_STATE_WORKFORCE', 'GovernmentSlotType', 'SLOT_ECONOMIC'),
		-- -- 「対外貿易」で経済スロットを追加
		-- ('YUZUKI_CHOCO_SLOT_ECONOMIC_FOREIGN_TRADE', 'GovernmentSlotType', 'SLOT_ECONOMIC'),
		-- 「軍の伝統」で軍事、ワイルドカードスロットを追加
		('YUZUKI_CHOCO_SLOT_MILITARY_TRADITION', 'GovernmentSlotType', 'SLOT_MILITARY'),
		('YUZUKI_CHOCO_SLOT_WILDCARD_TRADITION', 'GovernmentSlotType', 'SLOT_WILDCARD'),
		-- 「古代の帝国」で経済、軍事、ワイルドカードスロットを追加
		('YUZUKI_CHOCO_SLOT_ECONOMIC_EARLY_EMPIRE', 'GovernmentSlotType', 'SLOT_ECONOMIC'),
		-- ('YUZUKI_CHOCO_SLOT_MILITARY_EARLY_EMPIRE', 'GovernmentSlotType', 'SLOT_MILITARY'),
		('YUZUKI_CHOCO_SLOT_WILDCARD_EARLY_EMPIRE', 'GovernmentSlotType', 'SLOT_WILDCARD'),
		-- 「神秘主義」でワイルドカードスロットを追加
		('YUZUKI_CHOCO_SLOT_WILDCARD_MYSTICISM', 'GovernmentSlotType', 'SLOT_WILDCARD'),
		-- 「戦時動員」で軍事スロットを追加
		('YUZUKI_CHOCO_SLOT_MILITARY_MOBILIZATION', 'GovernmentSlotType', 'SLOT_MILITARY'),
		-- 「政治哲学」で外交、ワイルドカードスロットを追加
		('YUZUKI_CHOCO_SLOT_DIPLOMATIC_POLITICAL_PHILOSOPHY', 'GovernmentSlotType', 'SLOT_DIPLOMATIC'),
		('YUZUKI_CHOCO_SLOT_WILDCARD_POLITICAL_PHILOSOPHY', 'GovernmentSlotType', 'SLOT_WILDCARD'),
		-- 「歴史の記録」で経済、外交スロットを追加
		('YUZUKI_CHOCO_SLOT_ECONOMIC_RECORDED_HISTORY', 'GovernmentSlotType', 'SLOT_ECONOMIC'),
		('YUZUKI_CHOCO_SLOT_DIPLOMATIC_RECORDED_HISTORY', 'GovernmentSlotType', 'SLOT_DIPLOMATIC'),
		-- 「傭兵」でワイルドカードスロットを追加
		-- ('YUZUKI_CHOCO_SLOT_MILITARY_MERCENARIES', 'GovernmentSlotType', 'SLOT_MILITARY'),
		('YUZUKI_CHOCO_SLOT_WILDCARD_MERCENARIES', 'GovernmentSlotType', 'SLOT_WILDCARD'),
		-- 「中世の市」で経済、外交、ワイルドカードスロットを追加
		('YUZUKI_CHOCO_SLOT_ECONOMIC_MEDIEVAL_FAIRES', 'GovernmentSlotType', 'SLOT_ECONOMIC'),
		('YUZUKI_CHOCO_SLOT_DIPLOMATIC_MEDIEVAL_FAIRES', 'GovernmentSlotType', 'SLOT_DIPLOMATIC'),
		('YUZUKI_CHOCO_SLOT_WILDCARD_MEDIEVAL_FAIRES', 'GovernmentSlotType', 'SLOT_WILDCARD'),
		-- 「ギルド」で経済、ワイルドカードスロットを追加
		('YUZUKI_CHOCO_SLOT_ECONOMIC_GUILDS', 'GovernmentSlotType', 'SLOT_ECONOMIC'),
		('YUZUKI_CHOCO_SLOT_WILDCARD_GUILDS', 'GovernmentSlotType', 'SLOT_WILDCARD'),
		-- 「焦土作戦」でワイルドカードスロットを追加
		('YUZUKI_CHOCO_SLOT_WILDCARD_SCORCHED_EARTH', 'GovernmentSlotType', 'SLOT_WILDCARD'),
		-- 「軍事訓練」で軍事スロットを追加
		('YUZUKI_CHOCO_SLOT_WILDCARD_MILITARY_TRAINING', 'GovernmentSlotType', 'SLOT_MILITARY'),
		-- 「海軍の伝統」で経済、ワイルドカードスロットを追加
		('YUZUKI_CHOCO_SLOT_ECONOMIC_NAVAL_TRADITION', 'GovernmentSlotType', 'SLOT_ECONOMIC'),
		('YUZUKI_CHOCO_SLOT_WILDCARD_NAVAL_TRADITION', 'GovernmentSlotType', 'SLOT_WILDCARD'),
		-- 「演劇と詩」でワイルドカードスロットを追加
		('YUZUKI_CHOCO_SLOT_WILDCARD_DRAMA_POETRY', 'GovernmentSlotType', 'SLOT_WILDCARD'),
		-- 「探検」でワイルドカードスロットを追加
		('YUZUKI_CHOCO_SLOT_WILDCARD_EXPLORATION', 'GovernmentSlotType', 'SLOT_WILDCARD'),
		-- 「封建制度」でワイルドカードスロットを追加
		('YUZUKI_CHOCO_SLOT_WILDCARD_FEUDALISM', 'GovernmentSlotType', 'SLOT_WILDCARD'),
		-- 「外交官」で外交スロットを追加
		('YUZUKI_CHOCO_SLOT_DIPLOMATIC_DIPLOMATIC_SERVICE', 'GovernmentSlotType', 'SLOT_DIPLOMATIC');

INSERT OR REPLACE INTO TraitModifiers
		(TraitType, ModifierId)
	VALUES
		-- 法典
		('TRAIT_LEADER_SISTER_KOTONOHA', 'YUZUKI_CHOCO_SLOT_MILITARY_CODE_OF_LAWS'),
		('TRAIT_LEADER_SISTER_KOTONOHA', 'YUZUKI_CHOCO_SLOT_ECONOMIC_CODE_OF_LAWS'),
		-- 職人技
		('TRAIT_LEADER_SISTER_KOTONOHA', 'YUZUKI_CHOCO_SLOT_WILDCARD_CRAFTSMANSHIP'),
		-- ('TRAIT_LEADER_SISTER_KOTONOHA', 'YUZUKI_CHOCO_SLOT_MILITARY_CRAFTSMANSHIP'),
		-- ('TRAIT_LEADER_SISTER_KOTONOHA', 'YUZUKI_CHOCO_SLOT_ECONOMIC_CRAFTSMANSHIP'),
		-- 労働徴発
		('TRAIT_LEADER_SISTER_KOTONOHA', 'YUZUKI_CHOCO_SLOT_WILDCARD_STATE_WORKFORCE'),
		-- ('TRAIT_LEADER_SISTER_KOTONOHA', 'YUZUKI_CHOCO_SLOT_MILITARY_STATE_WORKFORCE'),
		-- ('TRAIT_LEADER_SISTER_KOTONOHA', 'YUZUKI_CHOCO_SLOT_ECONOMIC_STATE_WORKFORCE'),
		-- -- 対外貿易
		-- ('TRAIT_LEADER_SISTER_KOTONOHA', 'YUZUKI_CHOCO_SLOT_ECONOMIC_FOREIGN_TRADE'),
		-- 軍の伝統
		('TRAIT_LEADER_SISTER_KOTONOHA', 'YUZUKI_CHOCO_SLOT_MILITARY_TRADITION'),
		('TRAIT_LEADER_SISTER_KOTONOHA', 'YUZUKI_CHOCO_SLOT_WILDCARD_TRADITION'),
		-- 古代の帝国
		('TRAIT_LEADER_SISTER_KOTONOHA', 'YUZUKI_CHOCO_SLOT_ECONOMIC_EARLY_EMPIRE'),
		-- ('TRAIT_LEADER_SISTER_KOTONOHA', 'YUZUKI_CHOCO_SLOT_MILITARY_EARLY_EMPIRE'),
		('TRAIT_LEADER_SISTER_KOTONOHA', 'YUZUKI_CHOCO_SLOT_WILDCARD_EARLY_EMPIRE'),
		-- 神秘主義
		('TRAIT_LEADER_SISTER_KOTONOHA', 'YUZUKI_CHOCO_SLOT_WILDCARD_MYSTICISM'),
		-- 戦時動員
		('TRAIT_LEADER_SISTER_KOTONOHA', 'YUZUKI_CHOCO_SLOT_MILITARY_MOBILIZATION'),
		-- 政治哲学
		('TRAIT_LEADER_SISTER_KOTONOHA', 'YUZUKI_CHOCO_SLOT_DIPLOMATIC_POLITICAL_PHILOSOPHY'),
		('TRAIT_LEADER_SISTER_KOTONOHA', 'YUZUKI_CHOCO_SLOT_WILDCARD_POLITICAL_PHILOSOPHY'),
		-- 歴史の記録
		('TRAIT_LEADER_SISTER_KOTONOHA', 'YUZUKI_CHOCO_SLOT_ECONOMIC_RECORDED_HISTORY'),
		('TRAIT_LEADER_SISTER_KOTONOHA', 'YUZUKI_CHOCO_SLOT_DIPLOMATIC_RECORDED_HISTORY'),
		-- 傭兵
		-- ('TRAIT_LEADER_SISTER_KOTONOHA', 'YUZUKI_CHOCO_SLOT_MILITARY_MERCENARIES'),
		('TRAIT_LEADER_SISTER_KOTONOHA', 'YUZUKI_CHOCO_SLOT_WILDCARD_MERCENARIES'),
		-- 中世の市
		('TRAIT_LEADER_SISTER_KOTONOHA', 'YUZUKI_CHOCO_SLOT_ECONOMIC_MEDIEVAL_FAIRES'),
		('TRAIT_LEADER_SISTER_KOTONOHA', 'YUZUKI_CHOCO_SLOT_DIPLOMATIC_MEDIEVAL_FAIRES'),
		('TRAIT_LEADER_SISTER_KOTONOHA', 'YUZUKI_CHOCO_SLOT_WILDCARD_MEDIEVAL_FAIRES'),
		-- ギルド
		('TRAIT_LEADER_SISTER_KOTONOHA', 'YUZUKI_CHOCO_SLOT_ECONOMIC_GUILDS'),
		('TRAIT_LEADER_SISTER_KOTONOHA', 'YUZUKI_CHOCO_SLOT_WILDCARD_GUILDS'),
		-- 焦土作戦
		('TRAIT_LEADER_SISTER_KOTONOHA', 'YUZUKI_CHOCO_SLOT_WILDCARD_SCORCHED_EARTH'),
		-- 軍事訓練
		('TRAIT_LEADER_SISTER_KOTONOHA', 'YUZUKI_CHOCO_SLOT_WILDCARD_MILITARY_TRAINING'),
		-- 海軍の伝統
		('TRAIT_LEADER_SISTER_KOTONOHA', 'YUZUKI_CHOCO_SLOT_ECONOMIC_NAVAL_TRADITION'),
		('TRAIT_LEADER_SISTER_KOTONOHA', 'YUZUKI_CHOCO_SLOT_WILDCARD_NAVAL_TRADITION'),
		-- 演劇と詩
		('TRAIT_LEADER_SISTER_KOTONOHA', 'YUZUKI_CHOCO_SLOT_WILDCARD_DRAMA_POETRY'),
		-- 探検
		('TRAIT_LEADER_SISTER_KOTONOHA', 'YUZUKI_CHOCO_SLOT_WILDCARD_EXPLORATION'),
		-- 封建制度
		('TRAIT_LEADER_SISTER_KOTONOHA', 'YUZUKI_CHOCO_SLOT_WILDCARD_FEUDALISM'),
		-- 外交官
		('TRAIT_LEADER_SISTER_KOTONOHA', 'YUZUKI_CHOCO_SLOT_DIPLOMATIC_DIPLOMATIC_SERVICE');
