--	指導者特性：制度・技術ブースト補正
INSERT OR REPLACE INTO Modifiers
		(ModifierId, ModifierType)
	VALUES
		('TOMATO_CIVIC_BOOST', 'MODIFIER_PLAYER_ADJUST_CIVIC_BOOST'),
		('TOMATO_TECHNOLOGY_BOOST', 'MODIFIER_PLAYER_ADJUST_TECHNOLOGY_BOOST');

INSERT OR REPLACE INTO ModifierArguments
		(ModifierId, Name, Value, Extra)
	VALUES
		('TOMATO_CIVIC_BOOST', 'Amount', 90, -1),
		('TOMATO_TECHNOLOGY_BOOST', 'Amount', 90, -1);

INSERT OR REPLACE INTO TraitModifiers
		(TraitType, ModifierId)
	VALUES
		('TRAIT_LEADER_SISTER_KOTONOHA', 'TOMATO_CIVIC_BOOST'),
		('TRAIT_LEADER_SISTER_KOTONOHA', 'TOMATO_TECHNOLOGY_BOOST');

--	指導者特性：都市占領時に技術・制度ブースト発動
INSERT OR REPLACE INTO Modifiers
		(ModifierId, ModifierType)
	VALUES
		('TOMATO_CAPTURED_CITY_TECH_BOOST', 'MODIFIER_PLAYER_CAPTURED_CITY_ATTACH_MODIFIER'),
		('TOMATO_CAPTURED_CITY_TECH_BOOST_MODIFIER', 'MODIFIER_PLAYER_GRANT_RANDOM_TECHNOLOGY_BOOST_GOODY_HUT'),
		('TOMATO_CAPTURED_CITY_CIVIC_BOOST', 'MODIFIER_PLAYER_CAPTURED_CITY_ATTACH_MODIFIER'),
		('TOMATO_CAPTURED_CITY_CIVIC_BOOST_MODIFIER', 'MODIFIER_PLAYER_GRANT_RANDOM_CIVIC_BOOST_GOODY_HUT');

INSERT OR REPLACE INTO ModifierArguments
		(ModifierId, Name, Value)
	VALUES
		('TOMATO_CAPTURED_CITY_TECH_BOOST', 'ModifierId', 'TOMATO_CAPTURED_CITY_TECH_BOOST_MODIFIER'),
		('TOMATO_CAPTURED_CITY_TECH_BOOST_MODIFIER', 'Amount', 1),
		('TOMATO_CAPTURED_CITY_TECH_BOOST_MODIFIER', 'Source', 'CAPTURED_CITY'),
		('TOMATO_CAPTURED_CITY_CIVIC_BOOST', 'ModifierId', 'TOMATO_CAPTURED_CITY_CIVIC_BOOST_MODIFIER'),
		('TOMATO_CAPTURED_CITY_CIVIC_BOOST_MODIFIER', 'Amount', 1),
		('TOMATO_CAPTURED_CITY_CIVIC_BOOST_MODIFIER', 'Source', 'CAPTURED_CITY');

INSERT OR REPLACE INTO TraitModifiers
		(TraitType, ModifierId)
	VALUES
		('TRAIT_LEADER_SISTER_KOTONOHA', 'TOMATO_CAPTURED_CITY_TECH_BOOST'),
		('TRAIT_LEADER_SISTER_KOTONOHA', 'TOMATO_CAPTURED_CITY_CIVIC_BOOST');